"name","sizeBytes","sizeMB","category","relativePath"
"battle000_001.unity3d","1354212","1.291","map","Assets/JoseonMurimTactics/StreamingAssets/MAP/battle000_001.unity3d"
"battle000_002.unity3d","819281","0.781","map","Assets/JoseonMurimTactics/StreamingAssets/MAP/battle000_002.unity3d"
"battle000_003.unity3d","1068792","1.019","map","Assets/JoseonMurimTactics/StreamingAssets/MAP/battle000_003.unity3d"
"battle000_004.unity3d","611652","0.583","map","Assets/JoseonMurimTactics/StreamingAssets/MAP/battle000_004.unity3d"
"battle000_005.unity3d","1368120","1.305","map","Assets/JoseonMurimTactics/StreamingAssets/MAP/battle000_005.unity3d"
"battle000_006.unity3d","896551","0.855","map","Assets/JoseonMurimTactics/StreamingAssets/MAP/battle000_006.unity3d"
"battle000_006-spcl.unity3d","910833","0.869","map","Assets/JoseonMurimTactics/StreamingAssets/MAP/battle000_006-spcl.unity3d"
"battle000_007.unity3d","774494","0.739","map","Assets/JoseonMurimTactics/StreamingAssets/MAP/battle000_007.unity3d"
"battle000_007-spcl.unity3d","763442","0.728","map","Assets/JoseonMurimTactics/StreamingAssets/MAP/battle000_007-spcl.unity3d"
"battle000_008.unity3d","834016","0.795","map","Assets/JoseonMurimTactics/StreamingAssets/MAP/battle000_008.unity3d"
"battle000_008-spcl.unity3d","852072","0.813","map","Assets/JoseonMurimTactics/StreamingAssets/MAP/battle000_008-spcl.unity3d"
"battle000_009.unity3d","714600","0.681","map","Assets/JoseonMurimTactics/StreamingAssets/MAP/battle000_009.unity3d"
"battle000_009-spcl.unity3d","705767","0.673","map","Assets/JoseonMurimTactics/StreamingAssets/MAP/battle000_009-spcl.unity3d"
"battle000_010.unity3d","516628","0.493","map","Assets/JoseonMurimTactics/StreamingAssets/MAP/battle000_010.unity3d"
"battle000_010-spcl.unity3d","527959","0.504","map","Assets/JoseonMurimTactics/StreamingAssets/MAP/battle000_010-spcl.unity3d"
"battle000_011.unity3d","765640","0.73","map","Assets/JoseonMurimTactics/StreamingAssets/MAP/battle000_011.unity3d"
"battle000_012.unity3d","674791","0.644","map","Assets/JoseonMurimTactics/StreamingAssets/MAP/battle000_012.unity3d"
"battle000_012-spcl.unity3d","839379","0.8","map","Assets/JoseonMurimTactics/StreamingAssets/MAP/battle000_012-spcl.unity3d"
"battle000_013.unity3d","899357","0.858","map","Assets/JoseonMurimTactics/StreamingAssets/MAP/battle000_013.unity3d"
"battle000_014.unity3d","356507","0.34","map","Assets/JoseonMurimTactics/StreamingAssets/MAP/battle000_014.unity3d"
"battle000_015.unity3d","653849","0.624","map","Assets/JoseonMurimTactics/StreamingAssets/MAP/battle000_015.unity3d"
"battle000_016.unity3d","687351","0.656","map","Assets/JoseonMurimTactics/StreamingAssets/MAP/battle000_016.unity3d"
"battle000_017.unity3d","499875","0.477","map","Assets/JoseonMurimTactics/StreamingAssets/MAP/battle000_017.unity3d"
"battle000_018.unity3d","709496","0.677","map","Assets/JoseonMurimTactics/StreamingAssets/MAP/battle000_018.unity3d"
"battle000_019.unity3d","347033","0.331","map","Assets/JoseonMurimTactics/StreamingAssets/MAP/battle000_019.unity3d"
"battle000_020.unity3d","726852","0.693","map","Assets/JoseonMurimTactics/StreamingAssets/MAP/battle000_020.unity3d"
"battle000_021.unity3d","523217","0.499","map","Assets/JoseonMurimTactics/StreamingAssets/MAP/battle000_021.unity3d"
"battle000_022.unity3d","973642","0.929","map","Assets/JoseonMurimTactics/StreamingAssets/MAP/battle000_022.unity3d"
"battle000_023.unity3d","724722","0.691","map","Assets/JoseonMurimTactics/StreamingAssets/MAP/battle000_023.unity3d"
"battle000_024.unity3d","778455","0.742","map","Assets/JoseonMurimTactics/StreamingAssets/MAP/battle000_024.unity3d"
"battle000_025.unity3d","660359","0.63","map","Assets/JoseonMurimTactics/StreamingAssets/MAP/battle000_025.unity3d"
"battle000_026.unity3d","453671","0.433","map","Assets/JoseonMurimTactics/StreamingAssets/MAP/battle000_026.unity3d"
"battle000_027.unity3d","948272","0.904","map","Assets/JoseonMurimTactics/StreamingAssets/MAP/battle000_027.unity3d"
"battle000_028.unity3d","661595","0.631","map","Assets/JoseonMurimTactics/StreamingAssets/MAP/battle000_028.unity3d"
"battle000_029.unity3d","486017","0.464","map","Assets/JoseonMurimTactics/StreamingAssets/MAP/battle000_029.unity3d"
"battle000_030.unity3d","842080","0.803","map","Assets/JoseonMurimTactics/StreamingAssets/MAP/battle000_030.unity3d"
"battle000_031.unity3d","736957","0.703","map","Assets/JoseonMurimTactics/StreamingAssets/MAP/battle000_031.unity3d"
"battle000_ni012.unity3d","836988","0.798","map","Assets/JoseonMurimTactics/StreamingAssets/MAP/battle000_ni012.unity3d"
"battle000_spcl-000.unity3d","1288364","1.229","map","Assets/JoseonMurimTactics/StreamingAssets/MAP/battle000_spcl-000.unity3d"
"battle001.unity3d","866055","0.826","map","Assets/JoseonMurimTactics/StreamingAssets/MAP/battle001.unity3d"
"battle002.unity3d","707003","0.674","map","Assets/JoseonMurimTactics/StreamingAssets/MAP/battle002.unity3d"
"battle003.unity3d","875597","0.835","map","Assets/JoseonMurimTactics/StreamingAssets/MAP/battle003.unity3d"
"battle004.unity3d","782959","0.747","map","Assets/JoseonMurimTactics/StreamingAssets/MAP/battle004.unity3d"
"battle005.unity3d","872085","0.832","map","Assets/JoseonMurimTactics/StreamingAssets/MAP/battle005.unity3d"
"battle006.unity3d","856772","0.817","map","Assets/JoseonMurimTactics/StreamingAssets/MAP/battle006.unity3d"
"battle007.unity3d","815250","0.777","map","Assets/JoseonMurimTactics/StreamingAssets/MAP/battle007.unity3d"
"battle008.unity3d","666230","0.635","map","Assets/JoseonMurimTactics/StreamingAssets/MAP/battle008.unity3d"
"battle009.unity3d","598922","0.571","map","Assets/JoseonMurimTactics/StreamingAssets/MAP/battle009.unity3d"
"battle010.unity3d","948335","0.904","map","Assets/JoseonMurimTactics/StreamingAssets/MAP/battle010.unity3d"
"battle011.unity3d","1294574","1.235","map","Assets/JoseonMurimTactics/StreamingAssets/MAP/battle011.unity3d"
"battle012.unity3d","967590","0.923","map","Assets/JoseonMurimTactics/StreamingAssets/MAP/battle012.unity3d"
"battle013.unity3d","993567","0.948","map","Assets/JoseonMurimTactics/StreamingAssets/MAP/battle013.unity3d"
"battle014.unity3d","986830","0.941","map","Assets/JoseonMurimTactics/StreamingAssets/MAP/battle014.unity3d"
"battle015.unity3d","1081669","1.032","map","Assets/JoseonMurimTactics/StreamingAssets/MAP/battle015.unity3d"
"battle016.unity3d","972979","0.928","map","Assets/JoseonMurimTactics/StreamingAssets/MAP/battle016.unity3d"
"battle017.unity3d","1068197","1.019","map","Assets/JoseonMurimTactics/StreamingAssets/MAP/battle017.unity3d"
"battle018.unity3d","1003689","0.957","map","Assets/JoseonMurimTactics/StreamingAssets/MAP/battle018.unity3d"
"battle019.unity3d","885099","0.844","map","Assets/JoseonMurimTactics/StreamingAssets/MAP/battle019.unity3d"
"battle020.unity3d","834226","0.796","map","Assets/JoseonMurimTactics/StreamingAssets/MAP/battle020.unity3d"
"battle021.unity3d","923916","0.881","map","Assets/JoseonMurimTactics/StreamingAssets/MAP/battle021.unity3d"
"battle022.unity3d","1075219","1.025","map","Assets/JoseonMurimTactics/StreamingAssets/MAP/battle022.unity3d"
"battle023.unity3d","825136","0.787","map","Assets/JoseonMurimTactics/StreamingAssets/MAP/battle023.unity3d"
"chapter6castleroom2.unity3d","1168476","1.114","map","Assets/JoseonMurimTactics/StreamingAssets/MAP/chapter6castleroom2.unity3d"
"iriabroken01.unity3d","1168306","1.114","map","Assets/JoseonMurimTactics/StreamingAssets/MAP/iriabroken01.unity3d"
"map_ca_001.unity3d","249061","0.238","map","Assets/JoseonMurimTactics/StreamingAssets/MAP/map_ca_001.unity3d"
"map_ca_002.unity3d","221916","0.212","map","Assets/JoseonMurimTactics/StreamingAssets/MAP/map_ca_002.unity3d"
"map_ca_003.unity3d","232361","0.222","map","Assets/JoseonMurimTactics/StreamingAssets/MAP/map_ca_003.unity3d"
"mapeditor.unity3d","115527","0.11","map","Assets/JoseonMurimTactics/StreamingAssets/MAP/mapeditor.unity3d"
"p5t7v01.unity3d","990951","0.945","map","Assets/JoseonMurimTactics/StreamingAssets/MAP/p5t7v01.unity3d"
"stage_alm-os-da00201.unity3d","2630023","2.508","map","Assets/JoseonMurimTactics/StreamingAssets/MAP/stage_alm-os-da00201.unity3d"
"stage_alm-os-ni00201.unity3d","2655419","2.532","map","Assets/JoseonMurimTactics/StreamingAssets/MAP/stage_alm-os-ni00201.unity3d"
"stage_cave-in-ni00101.unity3d","1179402","1.125","cave","Assets/JoseonMurimTactics/StreamingAssets/MAP/stage_cave-in-ni00101.unity3d"
"stage_cave-in-ni00201.unity3d","1924075","1.835","cave","Assets/JoseonMurimTactics/StreamingAssets/MAP/stage_cave-in-ni00201.unity3d"
"stage_cave-in-ni00301.unity3d","1068089","1.019","cave","Assets/JoseonMurimTactics/StreamingAssets/MAP/stage_cave-in-ni00301.unity3d"
"stage_cave-in-ni00401.unity3d","1060264","1.011","cave","Assets/JoseonMurimTactics/StreamingAssets/MAP/stage_cave-in-ni00401.unity3d"
"stage_cave-in-ni00501.unity3d","1130484","1.078","cave","Assets/JoseonMurimTactics/StreamingAssets/MAP/stage_cave-in-ni00501.unity3d"
"stage_cave-in-ni00601.unity3d","2720967","2.595","cave","Assets/JoseonMurimTactics/StreamingAssets/MAP/stage_cave-in-ni00601.unity3d"
"stage_cave-in-ni00701.unity3d","1022904","0.976","cave","Assets/JoseonMurimTactics/StreamingAssets/MAP/stage_cave-in-ni00701.unity3d"
"stage_cave-in-ni00801.unity3d","1667142","1.59","cave","Assets/JoseonMurimTactics/StreamingAssets/MAP/stage_cave-in-ni00801.unity3d"
"stage_cave-in-ni00901.unity3d","1241915","1.184","cave","Assets/JoseonMurimTactics/StreamingAssets/MAP/stage_cave-in-ni00901.unity3d"
"stage_cave-in-ni01001.unity3d","1575516","1.503","cave","Assets/JoseonMurimTactics/StreamingAssets/MAP/stage_cave-in-ni01001.unity3d"
"stage_cave-in-ni01101.unity3d","1738017","1.658","cave","Assets/JoseonMurimTactics/StreamingAssets/MAP/stage_cave-in-ni01101.unity3d"
"stage_cave-spcl-ni00101.unity3d","397975","0.38","cave","Assets/JoseonMurimTactics/StreamingAssets/MAP/stage_cave-spcl-ni00101.unity3d"
"stage_cave-spcl-ni00201-lda.unity3d","576830","0.55","cave","Assets/JoseonMurimTactics/StreamingAssets/MAP/stage_cave-spcl-ni00201-lda.unity3d"
"stage_city-ca-da00101.unity3d","541165","0.516","city","Assets/JoseonMurimTactics/StreamingAssets/MAP/stage_city-ca-da00101.unity3d"
"stage_city-ca-da00201.unity3d","688870","0.657","city","Assets/JoseonMurimTactics/StreamingAssets/MAP/stage_city-ca-da00201.unity3d"
"stage_city-ca-da00301.unity3d","727195","0.694","city","Assets/JoseonMurimTactics/StreamingAssets/MAP/stage_city-ca-da00301.unity3d"
"stage_city-ca-da00401.unity3d","1232592","1.175","city","Assets/JoseonMurimTactics/StreamingAssets/MAP/stage_city-ca-da00401.unity3d"
"stage_city-ca-da00501.unity3d","881095","0.84","city","Assets/JoseonMurimTactics/StreamingAssets/MAP/stage_city-ca-da00501.unity3d"
"stage_city-ca-da00501_snow.unity3d","982270","0.937","snow","Assets/JoseonMurimTactics/StreamingAssets/MAP/stage_city-ca-da00501_snow.unity3d"
"stage_city-ca-da00601.unity3d","1118479","1.067","city","Assets/JoseonMurimTactics/StreamingAssets/MAP/stage_city-ca-da00601.unity3d"
"stage_city-ca-da00701.unity3d","987971","0.942","city","Assets/JoseonMurimTactics/StreamingAssets/MAP/stage_city-ca-da00701.unity3d"
"stage_city-ca-da00702.unity3d","991904","0.946","city","Assets/JoseonMurimTactics/StreamingAssets/MAP/stage_city-ca-da00702.unity3d"
"stage_city-ca-da00801.unity3d","746563","0.712","city","Assets/JoseonMurimTactics/StreamingAssets/MAP/stage_city-ca-da00801.unity3d"
"stage_city-ca-da00901.unity3d","879994","0.839","city","Assets/JoseonMurimTactics/StreamingAssets/MAP/stage_city-ca-da00901.unity3d"
"stage_city-ca-da01001.unity3d","794333","0.758","city","Assets/JoseonMurimTactics/StreamingAssets/MAP/stage_city-ca-da01001.unity3d"
"stage_city-ca-da01101.unity3d","1033093","0.985","city","Assets/JoseonMurimTactics/StreamingAssets/MAP/stage_city-ca-da01101.unity3d"
"stage_city-ca-da01201.unity3d","947255","0.903","city","Assets/JoseonMurimTactics/StreamingAssets/MAP/stage_city-ca-da01201.unity3d"
"stage_city-ca-da01301.unity3d","760801","0.726","city","Assets/JoseonMurimTactics/StreamingAssets/MAP/stage_city-ca-da01301.unity3d"
"stage_city-ca-da01401.unity3d","645553","0.616","city","Assets/JoseonMurimTactics/StreamingAssets/MAP/stage_city-ca-da01401.unity3d"
"stage_city-ca-da01501.unity3d","782853","0.747","city","Assets/JoseonMurimTactics/StreamingAssets/MAP/stage_city-ca-da01501.unity3d"
"stage_city-ca-da01601.unity3d","744114","0.71","city","Assets/JoseonMurimTactics/StreamingAssets/MAP/stage_city-ca-da01601.unity3d"
"stage_city-ca-da01701.unity3d","880536","0.84","city","Assets/JoseonMurimTactics/StreamingAssets/MAP/stage_city-ca-da01701.unity3d"
"stage_city-ca-da01801.unity3d","808593","0.771","city","Assets/JoseonMurimTactics/StreamingAssets/MAP/stage_city-ca-da01801.unity3d"
"stage_city-ca-da01801-spcl00.unity3d","598676","0.571","city","Assets/JoseonMurimTactics/StreamingAssets/MAP/stage_city-ca-da01801-spcl00.unity3d"
"stage_city-ca-da01901.unity3d","795842","0.759","city","Assets/JoseonMurimTactics/StreamingAssets/MAP/stage_city-ca-da01901.unity3d"
"stage_city-ca-da02001.unity3d","480309","0.458","city","Assets/JoseonMurimTactics/StreamingAssets/MAP/stage_city-ca-da02001.unity3d"
"stage_city-ca-da02101.unity3d","890249","0.849","city","Assets/JoseonMurimTactics/StreamingAssets/MAP/stage_city-ca-da02101.unity3d"
"stage_city-ca-da02301.unity3d","685924","0.654","city","Assets/JoseonMurimTactics/StreamingAssets/MAP/stage_city-ca-da02301.unity3d"
"stage_city-ca-da02401.unity3d","624548","0.596","city","Assets/JoseonMurimTactics/StreamingAssets/MAP/stage_city-ca-da02401.unity3d"
"stage_city-ca-da02501.unity3d","1367437","1.304","city","Assets/JoseonMurimTactics/StreamingAssets/MAP/stage_city-ca-da02501.unity3d"
"stage_city-ca-du00101.unity3d","545440","0.52","city","Assets/JoseonMurimTactics/StreamingAssets/MAP/stage_city-ca-du00101.unity3d"
"stage_city-ca-du00201.unity3d","672547","0.641","city","Assets/JoseonMurimTactics/StreamingAssets/MAP/stage_city-ca-du00201.unity3d"
"stage_city-ca-du00201_snow.unity3d","677557","0.646","snow","Assets/JoseonMurimTactics/StreamingAssets/MAP/stage_city-ca-du00201_snow.unity3d"
"stage_city-ca-du00301.unity3d","952478","0.908","city","Assets/JoseonMurimTactics/StreamingAssets/MAP/stage_city-ca-du00301.unity3d"
"stage_city-ca-du00401.unity3d","1240908","1.183","city","Assets/JoseonMurimTactics/StreamingAssets/MAP/stage_city-ca-du00401.unity3d"
"stage_city-ca-du00701.unity3d","970694","0.926","city","Assets/JoseonMurimTactics/StreamingAssets/MAP/stage_city-ca-du00701.unity3d"
"stage_city-ca-du00702.unity3d","983108","0.938","city","Assets/JoseonMurimTactics/StreamingAssets/MAP/stage_city-ca-du00702.unity3d"
"stage_city-ca-du00801.unity3d","759329","0.724","city","Assets/JoseonMurimTactics/StreamingAssets/MAP/stage_city-ca-du00801.unity3d"
"stage_city-ca-du00901.unity3d","841113","0.802","city","Assets/JoseonMurimTactics/StreamingAssets/MAP/stage_city-ca-du00901.unity3d"
"stage_city-ca-du01001.unity3d","786949","0.75","city","Assets/JoseonMurimTactics/StreamingAssets/MAP/stage_city-ca-du01001.unity3d"
"stage_city-ca-du01101.unity3d","1028172","0.981","city","Assets/JoseonMurimTactics/StreamingAssets/MAP/stage_city-ca-du01101.unity3d"
"stage_city-ca-du01201.unity3d","949355","0.905","city","Assets/JoseonMurimTactics/StreamingAssets/MAP/stage_city-ca-du01201.unity3d"
"stage_city-ca-du01301.unity3d","757871","0.723","city","Assets/JoseonMurimTactics/StreamingAssets/MAP/stage_city-ca-du01301.unity3d"
"stage_city-ca-du01401.unity3d","647165","0.617","city","Assets/JoseonMurimTactics/StreamingAssets/MAP/stage_city-ca-du01401.unity3d"
"stage_city-ca-du01501.unity3d","789462","0.753","city","Assets/JoseonMurimTactics/StreamingAssets/MAP/stage_city-ca-du01501.unity3d"
"stage_city-ca-du02502.unity3d","1572727","1.5","city","Assets/JoseonMurimTactics/StreamingAssets/MAP/stage_city-ca-du02502.unity3d"
"stage_city-ca-ni00101.unity3d","544142","0.519","city","Assets/JoseonMurimTactics/StreamingAssets/MAP/stage_city-ca-ni00101.unity3d"
"stage_city-ca-ni00201.unity3d","698146","0.666","city","Assets/JoseonMurimTactics/StreamingAssets/MAP/stage_city-ca-ni00201.unity3d"
"stage_city-ca-ni00201_snow.unity3d","700518","0.668","snow","Assets/JoseonMurimTactics/StreamingAssets/MAP/stage_city-ca-ni00201_snow.unity3d"
"stage_city-ca-ni00301.unity3d","734308","0.7","city","Assets/JoseonMurimTactics/StreamingAssets/MAP/stage_city-ca-ni00301.unity3d"
"stage_city-ca-ni00401.unity3d","1272001","1.213","city","Assets/JoseonMurimTactics/StreamingAssets/MAP/stage_city-ca-ni00401.unity3d"
"stage_city-ca-ni00701.unity3d","1040041","0.992","city","Assets/JoseonMurimTactics/StreamingAssets/MAP/stage_city-ca-ni00701.unity3d"
"stage_city-ca-ni00801.unity3d","788155","0.752","city","Assets/JoseonMurimTactics/StreamingAssets/MAP/stage_city-ca-ni00801.unity3d"
"stage_city-ca-ni00901.unity3d","925326","0.882","city","Assets/JoseonMurimTactics/StreamingAssets/MAP/stage_city-ca-ni00901.unity3d"
"stage_city-ca-ni01001.unity3d","879643","0.839","city","Assets/JoseonMurimTactics/StreamingAssets/MAP/stage_city-ca-ni01001.unity3d"
"stage_city-ca-ni01101.unity3d","1065357","1.016","city","Assets/JoseonMurimTactics/StreamingAssets/MAP/stage_city-ca-ni01101.unity3d"
"stage_city-ca-ni01201.unity3d","998352","0.952","city","Assets/JoseonMurimTactics/StreamingAssets/MAP/stage_city-ca-ni01201.unity3d"
"stage_city-ca-ni01301.unity3d","814521","0.777","city","Assets/JoseonMurimTactics/StreamingAssets/MAP/stage_city-ca-ni01301.unity3d"
"stage_city-ca-ni01401.unity3d","701095","0.669","city","Assets/JoseonMurimTactics/StreamingAssets/MAP/stage_city-ca-ni01401.unity3d"
"stage_city-ca-ni01501.unity3d","822810","0.785","city","Assets/JoseonMurimTactics/StreamingAssets/MAP/stage_city-ca-ni01501.unity3d"
"stage_city-ca-ni02201.unity3d","757371","0.722","city","Assets/JoseonMurimTactics/StreamingAssets/MAP/stage_city-ca-ni02201.unity3d"
"stage_city-cp-da00101.unity3d","1121487","1.07","city","Assets/JoseonMurimTactics/StreamingAssets/MAP/stage_city-cp-da00101.unity3d"
"stage_city-os-da00101-00.unity3d","1496943","1.428","city","Assets/JoseonMurimTactics/StreamingAssets/MAP/stage_city-os-da00101-00.unity3d"
"stage_city-os-da00101-01.unity3d","1497407","1.428","city","Assets/JoseonMurimTactics/StreamingAssets/MAP/stage_city-os-da00101-01.unity3d"
"stage_city-os-da00201.unity3d","717053","0.684","city","Assets/JoseonMurimTactics/StreamingAssets/MAP/stage_city-os-da00201.unity3d"
"stage_city-os-da00301.unity3d","731214","0.697","city","Assets/JoseonMurimTactics/StreamingAssets/MAP/stage_city-os-da00301.unity3d"
"stage_city-os-da00401.unity3d","878591","0.838","city","Assets/JoseonMurimTactics/StreamingAssets/MAP/stage_city-os-da00401.unity3d"
"stage_city-os-da00601.unity3d","934250","0.891","city","Assets/JoseonMurimTactics/StreamingAssets/MAP/stage_city-os-da00601.unity3d"
"stage_city-os-da00701.unity3d","935803","0.892","city","Assets/JoseonMurimTactics/StreamingAssets/MAP/stage_city-os-da00701.unity3d"
"stage_city-os-da01101.unity3d","1570722","1.498","city","Assets/JoseonMurimTactics/StreamingAssets/MAP/stage_city-os-da01101.unity3d"
"stage_city-os-da01301.unity3d","1171871","1.118","city","Assets/JoseonMurimTactics/StreamingAssets/MAP/stage_city-os-da01301.unity3d"
"stage_city-os-da01401.unity3d","926802","0.884","city","Assets/JoseonMurimTactics/StreamingAssets/MAP/stage_city-os-da01401.unity3d"
"stage_city-os-da01501.unity3d","1454880","1.387","city","Assets/JoseonMurimTactics/StreamingAssets/MAP/stage_city-os-da01501.unity3d"
"stage_city-os-da01601.unity3d","1721824","1.642","city","Assets/JoseonMurimTactics/StreamingAssets/MAP/stage_city-os-da01601.unity3d"
"stage_city-os-da01701.unity3d","1095902","1.045","city","Assets/JoseonMurimTactics/StreamingAssets/MAP/stage_city-os-da01701.unity3d"
"stage_city-os-da01702.unity3d","2726100","2.6","city","Assets/JoseonMurimTactics/StreamingAssets/MAP/stage_city-os-da01702.unity3d"
"stage_city-os-da01801.unity3d","1209449","1.153","city","Assets/JoseonMurimTactics/StreamingAssets/MAP/stage_city-os-da01801.unity3d"
"stage_city-os-da01901.unity3d","1363949","1.301","city","Assets/JoseonMurimTactics/StreamingAssets/MAP/stage_city-os-da01901.unity3d"
"stage_city-os-da02001.unity3d","1017281","0.97","city","Assets/JoseonMurimTactics/StreamingAssets/MAP/stage_city-os-da02001.unity3d"
"stage_city-os-du00201.unity3d","809047","0.772","city","Assets/JoseonMurimTactics/StreamingAssets/MAP/stage_city-os-du00201.unity3d"
"stage_city-os-du00301.unity3d","725426","0.692","city","Assets/JoseonMurimTactics/StreamingAssets/MAP/stage_city-os-du00301.unity3d"
"stage_city-os-du00401.unity3d","890009","0.849","city","Assets/JoseonMurimTactics/StreamingAssets/MAP/stage_city-os-du00401.unity3d"
"stage_city-os-du00601.unity3d","1020066","0.973","city","Assets/JoseonMurimTactics/StreamingAssets/MAP/stage_city-os-du00601.unity3d"
"stage_city-os-du00701.unity3d","1030017","0.982","city","Assets/JoseonMurimTactics/StreamingAssets/MAP/stage_city-os-du00701.unity3d"
"stage_city-os-du01101.unity3d","1641522","1.565","city","Assets/JoseonMurimTactics/StreamingAssets/MAP/stage_city-os-du01101.unity3d"
"stage_city-os-du01401.unity3d","931444","0.888","city","Assets/JoseonMurimTactics/StreamingAssets/MAP/stage_city-os-du01401.unity3d"
"stage_city-os-du01601.unity3d","1723370","1.644","city","Assets/JoseonMurimTactics/StreamingAssets/MAP/stage_city-os-du01601.unity3d"
"stage_city-os-du01701.unity3d","1101329","1.05","city","Assets/JoseonMurimTactics/StreamingAssets/MAP/stage_city-os-du01701.unity3d"
"stage_city-os-du01801.unity3d","1217093","1.161","city","Assets/JoseonMurimTactics/StreamingAssets/MAP/stage_city-os-du01801.unity3d"
"stage_city-os-duco00802.unity3d","1716199","1.637","city","Assets/JoseonMurimTactics/StreamingAssets/MAP/stage_city-os-duco00802.unity3d"
"stage_city-os-duco00902.unity3d","1740000","1.659","city","Assets/JoseonMurimTactics/StreamingAssets/MAP/stage_city-os-duco00902.unity3d"
"stage_city-os-ni00101.unity3d","1574482","1.502","city","Assets/JoseonMurimTactics/StreamingAssets/MAP/stage_city-os-ni00101.unity3d"
"stage_city-os-ni00201.unity3d","772915","0.737","city","Assets/JoseonMurimTactics/StreamingAssets/MAP/stage_city-os-ni00201.unity3d"
"stage_city-os-ni00301.unity3d","754489","0.72","city","Assets/JoseonMurimTactics/StreamingAssets/MAP/stage_city-os-ni00301.unity3d"
"stage_city-os-ni00401.unity3d","906472","0.864","city","Assets/JoseonMurimTactics/StreamingAssets/MAP/stage_city-os-ni00401.unity3d"
"stage_city-os-ni00601.unity3d","1203568","1.148","city","Assets/JoseonMurimTactics/StreamingAssets/MAP/stage_city-os-ni00601.unity3d"
"stage_city-os-ni00701.unity3d","1184081","1.129","city","Assets/JoseonMurimTactics/StreamingAssets/MAP/stage_city-os-ni00701.unity3d"
"stage_city-os-ni00902.unity3d","1685729","1.608","city","Assets/JoseonMurimTactics/StreamingAssets/MAP/stage_city-os-ni00902.unity3d"
"stage_city-os-ni01002.unity3d","1803773","1.72","city","Assets/JoseonMurimTactics/StreamingAssets/MAP/stage_city-os-ni01002.unity3d"
"stage_city-os-ni01202.unity3d","1121105","1.069","city","Assets/JoseonMurimTactics/StreamingAssets/MAP/stage_city-os-ni01202.unity3d"
"stage_city-os-ni01401.unity3d","970813","0.926","city","Assets/JoseonMurimTactics/StreamingAssets/MAP/stage_city-os-ni01401.unity3d"
"stage_city-os-ni01601.unity3d","1735156","1.655","city","Assets/JoseonMurimTactics/StreamingAssets/MAP/stage_city-os-ni01601.unity3d"
"stage_city-os-ni02101.unity3d","1499186","1.43","city","Assets/JoseonMurimTactics/StreamingAssets/MAP/stage_city-os-ni02101.unity3d"
"stage_city-os-ni02201.unity3d","1787136","1.704","city","Assets/JoseonMurimTactics/StreamingAssets/MAP/stage_city-os-ni02201.unity3d"
"stage_city-pit-da00101.unity3d","684235","0.653","city","Assets/JoseonMurimTactics/StreamingAssets/MAP/stage_city-pit-da00101.unity3d"
"stage_city-pit-da00201.unity3d","1329028","1.267","city","Assets/JoseonMurimTactics/StreamingAssets/MAP/stage_city-pit-da00201.unity3d"
"stage_city-pit-da00301.unity3d","1219138","1.163","city","Assets/JoseonMurimTactics/StreamingAssets/MAP/stage_city-pit-da00301.unity3d"
"stage_city-pit-da00401.unity3d","1510580","1.441","city","Assets/JoseonMurimTactics/StreamingAssets/MAP/stage_city-pit-da00401.unity3d"
"stage_city-pit-da00501.unity3d","1198227","1.143","city","Assets/JoseonMurimTactics/StreamingAssets/MAP/stage_city-pit-da00501.unity3d"
"stage_city-pit-da00601.unity3d","836579","0.798","city","Assets/JoseonMurimTactics/StreamingAssets/MAP/stage_city-pit-da00601.unity3d"
"stage_city-pit-da00701.unity3d","1595006","1.521","city","Assets/JoseonMurimTactics/StreamingAssets/MAP/stage_city-pit-da00701.unity3d"
"stage_city-pit-da00801.unity3d","1221734","1.165","city","Assets/JoseonMurimTactics/StreamingAssets/MAP/stage_city-pit-da00801.unity3d"
"stage_city-pit-ni00601.unity3d","911919","0.87","city","Assets/JoseonMurimTactics/StreamingAssets/MAP/stage_city-pit-ni00601.unity3d"
"stage_city-spcl-da00501.unity3d","479698","0.457","city","Assets/JoseonMurimTactics/StreamingAssets/MAP/stage_city-spcl-da00501.unity3d"
"stage_city-spcl-da00601.unity3d","787897","0.751","city","Assets/JoseonMurimTactics/StreamingAssets/MAP/stage_city-spcl-da00601.unity3d"
"stage_city-spcl-da00801.unity3d","1357593","1.295","city","Assets/JoseonMurimTactics/StreamingAssets/MAP/stage_city-spcl-da00801.unity3d"
"stage_city-spcl-da00901-00.unity3d","1256526","1.198","city","Assets/JoseonMurimTactics/StreamingAssets/MAP/stage_city-spcl-da00901-00.unity3d"
"stage_city-spcl-da00901-01.unity3d","1084271","1.034","city","Assets/JoseonMurimTactics/StreamingAssets/MAP/stage_city-spcl-da00901-01.unity3d"
"stage_city-spcl-da00901-02.unity3d","1946586","1.856","city","Assets/JoseonMurimTactics/StreamingAssets/MAP/stage_city-spcl-da00901-02.unity3d"
"stage_city-spcl-dawn00401.unity3d","934953","0.892","city","Assets/JoseonMurimTactics/StreamingAssets/MAP/stage_city-spcl-dawn00401.unity3d"
"stage_city-spcl-du00301.unity3d","974862","0.93","city","Assets/JoseonMurimTactics/StreamingAssets/MAP/stage_city-spcl-du00301.unity3d"
"stage_city-spcl-ni00101.unity3d","870851","0.831","city","Assets/JoseonMurimTactics/StreamingAssets/MAP/stage_city-spcl-ni00101.unity3d"
"stage_city-spcl-ni00201.unity3d","670360","0.639","city","Assets/JoseonMurimTactics/StreamingAssets/MAP/stage_city-spcl-ni00201.unity3d"
"stage_city-spcl-ni00301.unity3d","989670","0.944","city","Assets/JoseonMurimTactics/StreamingAssets/MAP/stage_city-spcl-ni00301.unity3d"
"stage_city-spcl-ni00401.unity3d","931750","0.889","city","Assets/JoseonMurimTactics/StreamingAssets/MAP/stage_city-spcl-ni00401.unity3d"
"stage_city-spcl-ni00701.unity3d","1540092","1.469","city","Assets/JoseonMurimTactics/StreamingAssets/MAP/stage_city-spcl-ni00701.unity3d"
"stage_city-spcl-niri00301.unity3d","1003180","0.957","city","Assets/JoseonMurimTactics/StreamingAssets/MAP/stage_city-spcl-niri00301.unity3d"
"stage_city-spcl-nith00301.unity3d","997073","0.951","city","Assets/JoseonMurimTactics/StreamingAssets/MAP/stage_city-spcl-nith00301.unity3d"
"stage_city-spcl-nith00301-001.unity3d","871542","0.831","city","Assets/JoseonMurimTactics/StreamingAssets/MAP/stage_city-spcl-nith00301-001.unity3d"
"stage_city-spcl-nith00301-002.unity3d","803774","0.767","city","Assets/JoseonMurimTactics/StreamingAssets/MAP/stage_city-spcl-nith00301-002.unity3d"
"stage_desert-os-da00101.unity3d","1550893","1.479","desert","Assets/JoseonMurimTactics/StreamingAssets/MAP/stage_desert-os-da00101.unity3d"
"stage_desert-os-da00201.unity3d","852770","0.813","desert","Assets/JoseonMurimTactics/StreamingAssets/MAP/stage_desert-os-da00201.unity3d"
"stage_desert-os-da00301.unity3d","745920","0.711","desert","Assets/JoseonMurimTactics/StreamingAssets/MAP/stage_desert-os-da00301.unity3d"
"stage_desert-os-da00401.unity3d","400621","0.382","desert","Assets/JoseonMurimTactics/StreamingAssets/MAP/stage_desert-os-da00401.unity3d"
"stage_desert-os-da00501.unity3d","920954","0.878","desert","Assets/JoseonMurimTactics/StreamingAssets/MAP/stage_desert-os-da00501.unity3d"
"stage_desert-os-da00601.unity3d","575211","0.549","desert","Assets/JoseonMurimTactics/StreamingAssets/MAP/stage_desert-os-da00601.unity3d"
"stage_desert-os-da00701.unity3d","716404","0.683","desert","Assets/JoseonMurimTactics/StreamingAssets/MAP/stage_desert-os-da00701.unity3d"
"stage_desert-os-da00801.unity3d","474333","0.452","desert","Assets/JoseonMurimTactics/StreamingAssets/MAP/stage_desert-os-da00801.unity3d"
"stage_desert-os-da00901.unity3d","1391396","1.327","desert","Assets/JoseonMurimTactics/StreamingAssets/MAP/stage_desert-os-da00901.unity3d"
"stage_desert-os-da01001.unity3d","815288","0.778","desert","Assets/JoseonMurimTactics/StreamingAssets/MAP/stage_desert-os-da01001.unity3d"
"stage_desert-os-da01101.unity3d","1214992","1.159","desert","Assets/JoseonMurimTactics/StreamingAssets/MAP/stage_desert-os-da01101.unity3d"
"stage_desert-os-da01101-001.unity3d","1230155","1.173","desert","Assets/JoseonMurimTactics/StreamingAssets/MAP/stage_desert-os-da01101-001.unity3d"
"stage_desert-os-da01201.unity3d","204339","0.195","desert","Assets/JoseonMurimTactics/StreamingAssets/MAP/stage_desert-os-da01201.unity3d"
"stage_desert-os-da01401.unity3d","707129","0.674","desert","Assets/JoseonMurimTactics/StreamingAssets/MAP/stage_desert-os-da01401.unity3d"
"stage_desert-os-da01501.unity3d","742706","0.708","desert","Assets/JoseonMurimTactics/StreamingAssets/MAP/stage_desert-os-da01501.unity3d"
"stage_desert-os-ni00301.unity3d","835660","0.797","desert","Assets/JoseonMurimTactics/StreamingAssets/MAP/stage_desert-os-ni00301.unity3d"
"stage_desert-os-ni00401.unity3d","393556","0.375","desert","Assets/JoseonMurimTactics/StreamingAssets/MAP/stage_desert-os-ni00401.unity3d"
"stage_desert-os-ni00501.unity3d","1063379","1.014","desert","Assets/JoseonMurimTactics/StreamingAssets/MAP/stage_desert-os-ni00501.unity3d"
"stage_desert-os-ni00701.unity3d","819973","0.782","desert","Assets/JoseonMurimTactics/StreamingAssets/MAP/stage_desert-os-ni00701.unity3d"
"stage_desert-os-ni00801.unity3d","451448","0.431","desert","Assets/JoseonMurimTactics/StreamingAssets/MAP/stage_desert-os-ni00801.unity3d"
"stage_desert-os-ni01301.unity3d","1340052","1.278","desert","Assets/JoseonMurimTactics/StreamingAssets/MAP/stage_desert-os-ni01301.unity3d"
"stage_desert-os-ni01601.unity3d","947494","0.904","desert","Assets/JoseonMurimTactics/StreamingAssets/MAP/stage_desert-os-ni01601.unity3d"
"stage_desert-spcl-da00101.unity3d","382753","0.365","desert","Assets/JoseonMurimTactics/StreamingAssets/MAP/stage_desert-spcl-da00101.unity3d"
"stage_desert-spcl-da00201.unity3d","1408737","1.343","desert","Assets/JoseonMurimTactics/StreamingAssets/MAP/stage_desert-spcl-da00201.unity3d"
"stage_desert-spcl-da00203.unity3d","1412030","1.347","desert","Assets/JoseonMurimTactics/StreamingAssets/MAP/stage_desert-spcl-da00203.unity3d"
"stage_desert-spcl-ni00101.unity3d","412234","0.393","desert","Assets/JoseonMurimTactics/StreamingAssets/MAP/stage_desert-spcl-ni00101.unity3d"
"stage_desert-spcl-ni00201.unity3d","1391602","1.327","desert","Assets/JoseonMurimTactics/StreamingAssets/MAP/stage_desert-spcl-ni00201.unity3d"
"stage_desert-spcl-ni00202.unity3d","1394510","1.33","desert","Assets/JoseonMurimTactics/StreamingAssets/MAP/stage_desert-spcl-ni00202.unity3d"
"stage_desert-spcl-ni00204.unity3d","1412721","1.347","desert","Assets/JoseonMurimTactics/StreamingAssets/MAP/stage_desert-spcl-ni00204.unity3d"
"stage_home-ch-da00101.unity3d","642616","0.613","home","Assets/JoseonMurimTactics/StreamingAssets/MAP/stage_home-ch-da00101.unity3d"
"stage_home-ch-ni00101.unity3d","623824","0.595","home","Assets/JoseonMurimTactics/StreamingAssets/MAP/stage_home-ch-ni00101.unity3d"
"stage_home-cp-da00101.unity3d","1505306","1.436","home","Assets/JoseonMurimTactics/StreamingAssets/MAP/stage_home-cp-da00101.unity3d"
"stage_home-os-da00101-002.unity3d","1901025","1.813","home","Assets/JoseonMurimTactics/StreamingAssets/MAP/stage_home-os-da00101-002.unity3d"
"stage_home-os-ni00101-001.unity3d","1503325","1.434","home","Assets/JoseonMurimTactics/StreamingAssets/MAP/stage_home-os-ni00101-001.unity3d"
"stage_home-pb-da00101.unity3d","731728","0.698","home","Assets/JoseonMurimTactics/StreamingAssets/MAP/stage_home-pb-da00101.unity3d"
"stage_home-pb-ni00101.unity3d","770283","0.735","home","Assets/JoseonMurimTactics/StreamingAssets/MAP/stage_home-pb-ni00101.unity3d"
"stage_home-th-da00101.unity3d","470229","0.448","home","Assets/JoseonMurimTactics/StreamingAssets/MAP/stage_home-th-da00101.unity3d"
"stage_interior-ca-da00101.unity3d","646533","0.617","interior","Assets/JoseonMurimTactics/StreamingAssets/MAP/stage_interior-ca-da00101.unity3d"
"stage_interior-ca-da00201.unity3d","624779","0.596","interior","Assets/JoseonMurimTactics/StreamingAssets/MAP/stage_interior-ca-da00201.unity3d"
"stage_interior-ca-da00301.unity3d","557680","0.532","interior","Assets/JoseonMurimTactics/StreamingAssets/MAP/stage_interior-ca-da00301.unity3d"
"stage_interior-ca-da00401.unity3d","614891","0.586","interior","Assets/JoseonMurimTactics/StreamingAssets/MAP/stage_interior-ca-da00401.unity3d"
"stage_interior-ca-da00601.unity3d","398407","0.38","interior","Assets/JoseonMurimTactics/StreamingAssets/MAP/stage_interior-ca-da00601.unity3d"
"stage_interior-ca-da00701.unity3d","519404","0.495","interior","Assets/JoseonMurimTactics/StreamingAssets/MAP/stage_interior-ca-da00701.unity3d"
"stage_interior-ca-da00801.unity3d","400788","0.382","interior","Assets/JoseonMurimTactics/StreamingAssets/MAP/stage_interior-ca-da00801.unity3d"
"stage_interior-ca-da00901.unity3d","710345","0.677","interior","Assets/JoseonMurimTactics/StreamingAssets/MAP/stage_interior-ca-da00901.unity3d"
"stage_interior-ca-da01001.unity3d","645794","0.616","interior","Assets/JoseonMurimTactics/StreamingAssets/MAP/stage_interior-ca-da01001.unity3d"
"stage_interior-ca-da01101.unity3d","644617","0.615","interior","Assets/JoseonMurimTactics/StreamingAssets/MAP/stage_interior-ca-da01101.unity3d"
"stage_interior-ca-da01201.unity3d","718504","0.685","interior","Assets/JoseonMurimTactics/StreamingAssets/MAP/stage_interior-ca-da01201.unity3d"
"stage_interior-ca-da01301.unity3d","883244","0.842","interior","Assets/JoseonMurimTactics/StreamingAssets/MAP/stage_interior-ca-da01301.unity3d"
"stage_interior-ca-da01401.unity3d","740007","0.706","interior","Assets/JoseonMurimTactics/StreamingAssets/MAP/stage_interior-ca-da01401.unity3d"
"stage_interior-ca-du01401.unity3d","427989","0.408","interior","Assets/JoseonMurimTactics/StreamingAssets/MAP/stage_interior-ca-du01401.unity3d"
"stage_interior-ca-ni00101.unity3d","657220","0.627","interior","Assets/JoseonMurimTactics/StreamingAssets/MAP/stage_interior-ca-ni00101.unity3d"
"stage_interior-ca-ni00101-spcl00.unity3d","657682","0.627","interior","Assets/JoseonMurimTactics/StreamingAssets/MAP/stage_interior-ca-ni00101-spcl00.unity3d"
"stage_interior-ca-ni00101-spcl01.unity3d","645780","0.616","interior","Assets/JoseonMurimTactics/StreamingAssets/MAP/stage_interior-ca-ni00101-spcl01.unity3d"
"stage_interior-ca-ni00401.unity3d","619828","0.591","interior","Assets/JoseonMurimTactics/StreamingAssets/MAP/stage_interior-ca-ni00401.unity3d"
"stage_interior-ca-ni00401-spcl00.unity3d","619679","0.591","interior","Assets/JoseonMurimTactics/StreamingAssets/MAP/stage_interior-ca-ni00401-spcl00.unity3d"
"stage_interior-ca-ni00401-spcl01.unity3d","611861","0.584","interior","Assets/JoseonMurimTactics/StreamingAssets/MAP/stage_interior-ca-ni00401-spcl01.unity3d"
"stage_interior-ca-ni00501.unity3d","565528","0.539","interior","Assets/JoseonMurimTactics/StreamingAssets/MAP/stage_interior-ca-ni00501.unity3d"
"stage_interior-ca-ni00501-spcl00.unity3d","562599","0.537","interior","Assets/JoseonMurimTactics/StreamingAssets/MAP/stage_interior-ca-ni00501-spcl00.unity3d"
"stage_interior-ca-ni00501-spcl01.unity3d","562962","0.537","interior","Assets/JoseonMurimTactics/StreamingAssets/MAP/stage_interior-ca-ni00501-spcl01.unity3d"
"stage_interior-ca-ni00601.unity3d","496298","0.473","interior","Assets/JoseonMurimTactics/StreamingAssets/MAP/stage_interior-ca-ni00601.unity3d"
"stage_interior-ca-ni00601-spcl00.unity3d","494298","0.471","interior","Assets/JoseonMurimTactics/StreamingAssets/MAP/stage_interior-ca-ni00601-spcl00.unity3d"
"stage_interior-ca-ni00601-spcl01.unity3d","502203","0.479","interior","Assets/JoseonMurimTactics/StreamingAssets/MAP/stage_interior-ca-ni00601-spcl01.unity3d"
"stage_interior-ca-ni00801.unity3d","416168","0.397","interior","Assets/JoseonMurimTactics/StreamingAssets/MAP/stage_interior-ca-ni00801.unity3d"
"stage_interior-ca-ni00801-spcl00.unity3d","416257","0.397","interior","Assets/JoseonMurimTactics/StreamingAssets/MAP/stage_interior-ca-ni00801-spcl00.unity3d"
"stage_interior-ca-ni00801-spcl01.unity3d","410474","0.391","interior","Assets/JoseonMurimTactics/StreamingAssets/MAP/stage_interior-ca-ni00801-spcl01.unity3d"
"stage_interior-ca-ni01401.unity3d","429448","0.41","interior","Assets/JoseonMurimTactics/StreamingAssets/MAP/stage_interior-ca-ni01401.unity3d"
"stage_interior-cp-ni00101.unity3d","252684","0.241","interior","Assets/JoseonMurimTactics/StreamingAssets/MAP/stage_interior-cp-ni00101.unity3d"
"stage_interior-dzt-da00101.unity3d","561051","0.535","interior","Assets/JoseonMurimTactics/StreamingAssets/MAP/stage_interior-dzt-da00101.unity3d"
"stage_interior-in-da00101.unity3d","336269","0.321","interior","Assets/JoseonMurimTactics/StreamingAssets/MAP/stage_interior-in-da00101.unity3d"
"stage_interior-in-da00201.unity3d","299196","0.285","interior","Assets/JoseonMurimTactics/StreamingAssets/MAP/stage_interior-in-da00201.unity3d"
"stage_interior-in-da00501.unity3d","582185","0.555","interior","Assets/JoseonMurimTactics/StreamingAssets/MAP/stage_interior-in-da00501.unity3d"
"stage_interior-in-da00601.unity3d","910797","0.869","interior","Assets/JoseonMurimTactics/StreamingAssets/MAP/stage_interior-in-da00601.unity3d"
"stage_interior-in-ni00101.unity3d","327667","0.312","interior","Assets/JoseonMurimTactics/StreamingAssets/MAP/stage_interior-in-ni00101.unity3d"
"stage_interior-in-ni00201.unity3d","287699","0.274","interior","Assets/JoseonMurimTactics/StreamingAssets/MAP/stage_interior-in-ni00201.unity3d"
"stage_interior-in-ni00301.unity3d","1289307","1.23","interior","Assets/JoseonMurimTactics/StreamingAssets/MAP/stage_interior-in-ni00301.unity3d"
"stage_interior-in-ni00401.unity3d","1231512","1.174","interior","Assets/JoseonMurimTactics/StreamingAssets/MAP/stage_interior-in-ni00401.unity3d"
"stage_interior-in-ni00701.unity3d","1179850","1.125","interior","Assets/JoseonMurimTactics/StreamingAssets/MAP/stage_interior-in-ni00701.unity3d"
"stage_interior-in-ni00801.unity3d","805142","0.768","interior","Assets/JoseonMurimTactics/StreamingAssets/MAP/stage_interior-in-ni00801.unity3d"
"stage_interior-in-ni00901.unity3d","973879","0.929","interior","Assets/JoseonMurimTactics/StreamingAssets/MAP/stage_interior-in-ni00901.unity3d"
"stage_interior-in-ni01001.unity3d","486270","0.464","interior","Assets/JoseonMurimTactics/StreamingAssets/MAP/stage_interior-in-ni01001.unity3d"
"stage_interior-pa-da00201.unity3d","829718","0.791","interior","Assets/JoseonMurimTactics/StreamingAssets/MAP/stage_interior-pa-da00201.unity3d"
"stage_interior-pa-da00301.unity3d","855442","0.816","interior","Assets/JoseonMurimTactics/StreamingAssets/MAP/stage_interior-pa-da00301.unity3d"
"stage_interior-pa-da00401.unity3d","645499","0.616","interior","Assets/JoseonMurimTactics/StreamingAssets/MAP/stage_interior-pa-da00401.unity3d"
"stage_interior-pa-da00501.unity3d","468581","0.447","interior","Assets/JoseonMurimTactics/StreamingAssets/MAP/stage_interior-pa-da00501.unity3d"
"stage_interior-pa-da00601.unity3d","537936","0.513","interior","Assets/JoseonMurimTactics/StreamingAssets/MAP/stage_interior-pa-da00601.unity3d"
"stage_interior-pa-da00801.unity3d","870514","0.83","interior","Assets/JoseonMurimTactics/StreamingAssets/MAP/stage_interior-pa-da00801.unity3d"
"stage_interior-pa-da01101.unity3d","1304646","1.244","interior","Assets/JoseonMurimTactics/StreamingAssets/MAP/stage_interior-pa-da01101.unity3d"
"stage_interior-pa-ni00101.unity3d","806797","0.769","interior","Assets/JoseonMurimTactics/StreamingAssets/MAP/stage_interior-pa-ni00101.unity3d"
"stage_interior-pa-ni00201.unity3d","869588","0.829","interior","Assets/JoseonMurimTactics/StreamingAssets/MAP/stage_interior-pa-ni00201.unity3d"
"stage_interior-pa-ni00401.unity3d","688730","0.657","interior","Assets/JoseonMurimTactics/StreamingAssets/MAP/stage_interior-pa-ni00401.unity3d"
"stage_interior-pa-ni00701.unity3d","750844","0.716","interior","Assets/JoseonMurimTactics/StreamingAssets/MAP/stage_interior-pa-ni00701.unity3d"
"stage_interior-pa-ni00901.unity3d","958808","0.914","interior","Assets/JoseonMurimTactics/StreamingAssets/MAP/stage_interior-pa-ni00901.unity3d"
"stage_interior-pa-ni01001.unity3d","974390","0.929","interior","Assets/JoseonMurimTactics/StreamingAssets/MAP/stage_interior-pa-ni01001.unity3d"
"stage_interior-pa-ni01101.unity3d","1318728","1.258","interior","Assets/JoseonMurimTactics/StreamingAssets/MAP/stage_interior-pa-ni01101.unity3d"
"stage_interior-spcl-da00101.unity3d","336814","0.321","interior","Assets/JoseonMurimTactics/StreamingAssets/MAP/stage_interior-spcl-da00101.unity3d"
"stage_interior-spcl-ni00201.unity3d","265256","0.253","interior","Assets/JoseonMurimTactics/StreamingAssets/MAP/stage_interior-spcl-ni00201.unity3d"
"stage_interior-spcl-ni00301.unity3d","621370","0.593","interior","Assets/JoseonMurimTactics/StreamingAssets/MAP/stage_interior-spcl-ni00301.unity3d"
"stage_interior-spcl-ni00401.unity3d","401810","0.383","interior","Assets/JoseonMurimTactics/StreamingAssets/MAP/stage_interior-spcl-ni00401.unity3d"
"stage_interior-spcl-ni00501.unity3d","145354","0.139","interior","Assets/JoseonMurimTactics/StreamingAssets/MAP/stage_interior-spcl-ni00501.unity3d"
"stage_interior-spcl-ni00601.unity3d","1186390","1.131","interior","Assets/JoseonMurimTactics/StreamingAssets/MAP/stage_interior-spcl-ni00601.unity3d"
"stage_interior-spcl-ni00602.unity3d","1286467","1.227","interior","Assets/JoseonMurimTactics/StreamingAssets/MAP/stage_interior-spcl-ni00602.unity3d"
"stage_interior-ug-ni00101.unity3d","922376","0.88","interior","Assets/JoseonMurimTactics/StreamingAssets/MAP/stage_interior-ug-ni00101.unity3d"
"stage_interior-ug-ni00201.unity3d","1144050","1.091","interior","Assets/JoseonMurimTactics/StreamingAssets/MAP/stage_interior-ug-ni00201.unity3d"
"stage_interior-ug-ni00401.unity3d","430978","0.411","interior","Assets/JoseonMurimTactics/StreamingAssets/MAP/stage_interior-ug-ni00401.unity3d"
"stage_interior-ug-ni00501.unity3d","1116970","1.065","interior","Assets/JoseonMurimTactics/StreamingAssets/MAP/stage_interior-ug-ni00501.unity3d"
"stage_interior-ug-ni00601.unity3d","856963","0.817","interior","Assets/JoseonMurimTactics/StreamingAssets/MAP/stage_interior-ug-ni00601.unity3d"
"stage_interior-ug-ni00701.unity3d","1756882","1.675","interior","Assets/JoseonMurimTactics/StreamingAssets/MAP/stage_interior-ug-ni00701.unity3d"
"stage_interior-ug-ni00801.unity3d","1270082","1.211","interior","Assets/JoseonMurimTactics/StreamingAssets/MAP/stage_interior-ug-ni00801.unity3d"
"stage_interior-ug-ni00901.unity3d","628858","0.6","interior","Assets/JoseonMurimTactics/StreamingAssets/MAP/stage_interior-ug-ni00901.unity3d"
"stage_interior-ug-ni01001.unity3d","1456406","1.389","interior","Assets/JoseonMurimTactics/StreamingAssets/MAP/stage_interior-ug-ni01001.unity3d"
"stage_interior-ug-ni01101.unity3d","926508","0.884","interior","Assets/JoseonMurimTactics/StreamingAssets/MAP/stage_interior-ug-ni01101.unity3d"
"stage_interior-ug-ni01201.unity3d","1047962","0.999","interior","Assets/JoseonMurimTactics/StreamingAssets/MAP/stage_interior-ug-ni01201.unity3d"
"stage_interior-ug-ni01301.unity3d","1166852","1.113","interior","Assets/JoseonMurimTactics/StreamingAssets/MAP/stage_interior-ug-ni01301.unity3d"
"stage_interior-ug-ni01401.unity3d","457606","0.436","interior","Assets/JoseonMurimTactics/StreamingAssets/MAP/stage_interior-ug-ni01401.unity3d"
"stage_interior-ug-ni01501.unity3d","737171","0.703","interior","Assets/JoseonMurimTactics/StreamingAssets/MAP/stage_interior-ug-ni01501.unity3d"
"stage_lyc-arena-da00101.unity3d","706639","0.674","map","Assets/JoseonMurimTactics/StreamingAssets/MAP/stage_lyc-arena-da00101.unity3d"
"stage_marsh-os-da00101.unity3d","692601","0.661","map","Assets/JoseonMurimTactics/StreamingAssets/MAP/stage_marsh-os-da00101.unity3d"
"stage_marsh-os-da00101-000.unity3d","590971","0.564","map","Assets/JoseonMurimTactics/StreamingAssets/MAP/stage_marsh-os-da00101-000.unity3d"
"stage_marsh-os-da00201.unity3d","538100","0.513","map","Assets/JoseonMurimTactics/StreamingAssets/MAP/stage_marsh-os-da00201.unity3d"
"stage_marsh-os-da00301.unity3d","485503","0.463","map","Assets/JoseonMurimTactics/StreamingAssets/MAP/stage_marsh-os-da00301.unity3d"
"stage_marsh-os-da00401.unity3d","685856","0.654","map","Assets/JoseonMurimTactics/StreamingAssets/MAP/stage_marsh-os-da00401.unity3d"
"stage_marsh-os-da00501.unity3d","700671","0.668","map","Assets/JoseonMurimTactics/StreamingAssets/MAP/stage_marsh-os-da00501.unity3d"
"stage_marsh-os-da00701.unity3d","536780","0.512","map","Assets/JoseonMurimTactics/StreamingAssets/MAP/stage_marsh-os-da00701.unity3d"
"stage_marsh-os-da00801.unity3d","516535","0.493","map","Assets/JoseonMurimTactics/StreamingAssets/MAP/stage_marsh-os-da00801.unity3d"
"stage_marsh-os-du00401.unity3d","687380","0.656","map","Assets/JoseonMurimTactics/StreamingAssets/MAP/stage_marsh-os-du00401.unity3d"
"stage_marsh-os-du00501.unity3d","707357","0.675","map","Assets/JoseonMurimTactics/StreamingAssets/MAP/stage_marsh-os-du00501.unity3d"
"stage_marsh-os-du00701.unity3d","539257","0.514","map","Assets/JoseonMurimTactics/StreamingAssets/MAP/stage_marsh-os-du00701.unity3d"
"stage_marsh-os-ni00101.unity3d","694994","0.663","map","Assets/JoseonMurimTactics/StreamingAssets/MAP/stage_marsh-os-ni00101.unity3d"
"stage_marsh-os-ni00101-000.unity3d","590998","0.564","map","Assets/JoseonMurimTactics/StreamingAssets/MAP/stage_marsh-os-ni00101-000.unity3d"
"stage_marsh-os-ni00201.unity3d","541321","0.516","map","Assets/JoseonMurimTactics/StreamingAssets/MAP/stage_marsh-os-ni00201.unity3d"
"stage_marsh-os-ni00301.unity3d","495300","0.472","map","Assets/JoseonMurimTactics/StreamingAssets/MAP/stage_marsh-os-ni00301.unity3d"
"stage_marsh-os-ni00401.unity3d","706338","0.674","map","Assets/JoseonMurimTactics/StreamingAssets/MAP/stage_marsh-os-ni00401.unity3d"
"stage_marsh-os-ni00501.unity3d","706115","0.673","map","Assets/JoseonMurimTactics/StreamingAssets/MAP/stage_marsh-os-ni00501.unity3d"
"stage_marsh-os-nico00501.unity3d","692784","0.661","map","Assets/JoseonMurimTactics/StreamingAssets/MAP/stage_marsh-os-nico00501.unity3d"
"stage_marsh-os-nico00601.unity3d","934051","0.891","map","Assets/JoseonMurimTactics/StreamingAssets/MAP/stage_marsh-os-nico00601.unity3d"
"stage_marsh-spcl-da00101.unity3d","565948","0.54","map","Assets/JoseonMurimTactics/StreamingAssets/MAP/stage_marsh-spcl-da00101.unity3d"
"stage_marsh-spcl-ni00101.unity3d","598913","0.571","map","Assets/JoseonMurimTactics/StreamingAssets/MAP/stage_marsh-spcl-ni00101.unity3d"
"stage_marsh-spcl-ni00201-000.unity3d","774657","0.739","map","Assets/JoseonMurimTactics/StreamingAssets/MAP/stage_marsh-spcl-ni00201-000.unity3d"
"stage_marsh-spcl-ni00201-001.unity3d","661213","0.631","map","Assets/JoseonMurimTactics/StreamingAssets/MAP/stage_marsh-spcl-ni00201-001.unity3d"
"stage_mountain-os-da00101.unity3d","340777","0.325","mountain","Assets/JoseonMurimTactics/StreamingAssets/MAP/stage_mountain-os-da00101.unity3d"
"stage_mountain-os-da00201.unity3d","258507","0.247","mountain","Assets/JoseonMurimTactics/StreamingAssets/MAP/stage_mountain-os-da00201.unity3d"
"stage_mountain-os-da00401.unity3d","338779","0.323","mountain","Assets/JoseonMurimTactics/StreamingAssets/MAP/stage_mountain-os-da00401.unity3d"
"stage_mountain-os-da00501.unity3d","262560","0.25","mountain","Assets/JoseonMurimTactics/StreamingAssets/MAP/stage_mountain-os-da00501.unity3d"
"stage_mountain-os-da00701.unity3d","1027539","0.98","mountain","Assets/JoseonMurimTactics/StreamingAssets/MAP/stage_mountain-os-da00701.unity3d"
"stage_mountain-os-da00801.unity3d","625649","0.597","mountain","Assets/JoseonMurimTactics/StreamingAssets/MAP/stage_mountain-os-da00801.unity3d"
"stage_mountain-os-da00901.unity3d","760934","0.726","mountain","Assets/JoseonMurimTactics/StreamingAssets/MAP/stage_mountain-os-da00901.unity3d"
"stage_mountain-os-da01001.unity3d","819639","0.782","mountain","Assets/JoseonMurimTactics/StreamingAssets/MAP/stage_mountain-os-da01001.unity3d"
"stage_mountain-os-da01101.unity3d","656515","0.626","mountain","Assets/JoseonMurimTactics/StreamingAssets/MAP/stage_mountain-os-da01101.unity3d"
"stage_mountain-os-da01201.unity3d","564717","0.539","mountain","Assets/JoseonMurimTactics/StreamingAssets/MAP/stage_mountain-os-da01201.unity3d"
"stage_mountain-os-da01301.unity3d","686213","0.654","mountain","Assets/JoseonMurimTactics/StreamingAssets/MAP/stage_mountain-os-da01301.unity3d"
"stage_mountain-os-da01401.unity3d","482033","0.46","mountain","Assets/JoseonMurimTactics/StreamingAssets/MAP/stage_mountain-os-da01401.unity3d"
"stage_mountain-os-da01501.unity3d","600804","0.573","mountain","Assets/JoseonMurimTactics/StreamingAssets/MAP/stage_mountain-os-da01501.unity3d"
"stage_mountain-os-da01601.unity3d","439165","0.419","mountain","Assets/JoseonMurimTactics/StreamingAssets/MAP/stage_mountain-os-da01601.unity3d"
"stage_mountain-os-da01701.unity3d","474136","0.452","mountain","Assets/JoseonMurimTactics/StreamingAssets/MAP/stage_mountain-os-da01701.unity3d"
"stage_mountain-os-da01801.unity3d","693015","0.661","mountain","Assets/JoseonMurimTactics/StreamingAssets/MAP/stage_mountain-os-da01801.unity3d"
"stage_mountain-os-da01901.unity3d","671990","0.641","mountain","Assets/JoseonMurimTactics/StreamingAssets/MAP/stage_mountain-os-da01901.unity3d"
"stage_mountain-os-da02001.unity3d","986461","0.941","mountain","Assets/JoseonMurimTactics/StreamingAssets/MAP/stage_mountain-os-da02001.unity3d"
"stage_mountain-os-da02101.unity3d","599454","0.572","mountain","Assets/JoseonMurimTactics/StreamingAssets/MAP/stage_mountain-os-da02101.unity3d"
"stage_mountain-os-du00301.unity3d","504774","0.481","mountain","Assets/JoseonMurimTactics/StreamingAssets/MAP/stage_mountain-os-du00301.unity3d"
"stage_mountain-os-du00601.unity3d","377767","0.36","mountain","Assets/JoseonMurimTactics/StreamingAssets/MAP/stage_mountain-os-du00601.unity3d"
"stage_mountain-os-du00701.unity3d","1016678","0.97","mountain","Assets/JoseonMurimTactics/StreamingAssets/MAP/stage_mountain-os-du00701.unity3d"
"stage_mountain-os-du01001.unity3d","683927","0.652","mountain","Assets/JoseonMurimTactics/StreamingAssets/MAP/stage_mountain-os-du01001.unity3d"
"stage_mountain-os-du01101.unity3d","647350","0.617","mountain","Assets/JoseonMurimTactics/StreamingAssets/MAP/stage_mountain-os-du01101.unity3d"
"stage_mountain-os-du01201.unity3d","564121","0.538","mountain","Assets/JoseonMurimTactics/StreamingAssets/MAP/stage_mountain-os-du01201.unity3d"
"stage_mountain-os-du01301.unity3d","678518","0.647","mountain","Assets/JoseonMurimTactics/StreamingAssets/MAP/stage_mountain-os-du01301.unity3d"
"stage_mountain-os-du01401.unity3d","549184","0.524","mountain","Assets/JoseonMurimTactics/StreamingAssets/MAP/stage_mountain-os-du01401.unity3d"
"stage_mountain-os-du01501.unity3d","582975","0.556","mountain","Assets/JoseonMurimTactics/StreamingAssets/MAP/stage_mountain-os-du01501.unity3d"
"stage_mountain-os-du01601.unity3d","426769","0.407","mountain","Assets/JoseonMurimTactics/StreamingAssets/MAP/stage_mountain-os-du01601.unity3d"
"stage_mountain-os-du01701.unity3d","470584","0.449","mountain","Assets/JoseonMurimTactics/StreamingAssets/MAP/stage_mountain-os-du01701.unity3d"
"stage_mountain-os-du01801.unity3d","655910","0.626","mountain","Assets/JoseonMurimTactics/StreamingAssets/MAP/stage_mountain-os-du01801.unity3d"
"stage_mountain-os-ni00701.unity3d","1047041","0.999","mountain","Assets/JoseonMurimTactics/StreamingAssets/MAP/stage_mountain-os-ni00701.unity3d"
"stage_mountain-os-ni01001.unity3d","690831","0.659","mountain","Assets/JoseonMurimTactics/StreamingAssets/MAP/stage_mountain-os-ni01001.unity3d"
"stage_mountain-os-ni01101.unity3d","665165","0.634","mountain","Assets/JoseonMurimTactics/StreamingAssets/MAP/stage_mountain-os-ni01101.unity3d"
"stage_mountain-os-ni01201.unity3d","562640","0.537","mountain","Assets/JoseonMurimTactics/StreamingAssets/MAP/stage_mountain-os-ni01201.unity3d"
"stage_mountain-os-ni01301.unity3d","691528","0.659","mountain","Assets/JoseonMurimTactics/StreamingAssets/MAP/stage_mountain-os-ni01301.unity3d"
"stage_mountain-os-ni01401.unity3d","545244","0.52","mountain","Assets/JoseonMurimTactics/StreamingAssets/MAP/stage_mountain-os-ni01401.unity3d"
"stage_mountain-os-ni01501.unity3d","575187","0.549","mountain","Assets/JoseonMurimTactics/StreamingAssets/MAP/stage_mountain-os-ni01501.unity3d"
"stage_mountain-os-ni01601.unity3d","429217","0.409","mountain","Assets/JoseonMurimTactics/StreamingAssets/MAP/stage_mountain-os-ni01601.unity3d"
"stage_mountain-os-ni01701.unity3d","471110","0.449","mountain","Assets/JoseonMurimTactics/StreamingAssets/MAP/stage_mountain-os-ni01701.unity3d"
"stage_mountain-os-ni01801.unity3d","671263","0.64","mountain","Assets/JoseonMurimTactics/StreamingAssets/MAP/stage_mountain-os-ni01801.unity3d"
"stage_mountain-os-ni02101.unity3d","595298","0.568","mountain","Assets/JoseonMurimTactics/StreamingAssets/MAP/stage_mountain-os-ni02101.unity3d"
"stage_mountain-os-niri01401.unity3d","545084","0.52","mountain","Assets/JoseonMurimTactics/StreamingAssets/MAP/stage_mountain-os-niri01401.unity3d"
"stage_mountain-spcl-da00101.unity3d","160848","0.153","mountain","Assets/JoseonMurimTactics/StreamingAssets/MAP/stage_mountain-spcl-da00101.unity3d"
"stage_mountain-spcl-da00201.unity3d","2146121","2.047","mountain","Assets/JoseonMurimTactics/StreamingAssets/MAP/stage_mountain-spcl-da00201.unity3d"
"stage_mountain-spcl-du00301.unity3d","601693","0.574","mountain","Assets/JoseonMurimTactics/StreamingAssets/MAP/stage_mountain-spcl-du00301.unity3d"
"stage_mountain-spcl-ni00301.unity3d","608761","0.581","mountain","Assets/JoseonMurimTactics/StreamingAssets/MAP/stage_mountain-spcl-ni00301.unity3d"
"stage_plain-cp-da00101.unity3d","472522","0.451","plain","Assets/JoseonMurimTactics/StreamingAssets/MAP/stage_plain-cp-da00101.unity3d"
"stage_plain-cp-da00201.unity3d","1032788","0.985","plain","Assets/JoseonMurimTactics/StreamingAssets/MAP/stage_plain-cp-da00201.unity3d"
"stage_plain-cp-da00401.unity3d","581362","0.554","plain","Assets/JoseonMurimTactics/StreamingAssets/MAP/stage_plain-cp-da00401.unity3d"
"stage_plain-cp-da00501.unity3d","1025035","0.978","plain","Assets/JoseonMurimTactics/StreamingAssets/MAP/stage_plain-cp-da00501.unity3d"
"stage_plain-cp-da00601.unity3d","696977","0.665","plain","Assets/JoseonMurimTactics/StreamingAssets/MAP/stage_plain-cp-da00601.unity3d"
"stage_plain-cp-da00601_snow.unity3d","906162","0.864","snow","Assets/JoseonMurimTactics/StreamingAssets/MAP/stage_plain-cp-da00601_snow.unity3d"
"stage_plain-cp-da00901.unity3d","877405","0.837","plain","Assets/JoseonMurimTactics/StreamingAssets/MAP/stage_plain-cp-da00901.unity3d"
"stage_plain-cp-du00101.unity3d","484550","0.462","plain","Assets/JoseonMurimTactics/StreamingAssets/MAP/stage_plain-cp-du00101.unity3d"
"stage_plain-cp-du00201.unity3d","1040474","0.992","plain","Assets/JoseonMurimTactics/StreamingAssets/MAP/stage_plain-cp-du00201.unity3d"
"stage_plain-cp-du00401.unity3d","558463","0.533","plain","Assets/JoseonMurimTactics/StreamingAssets/MAP/stage_plain-cp-du00401.unity3d"
"stage_plain-cp-du00501.unity3d","1031618","0.984","plain","Assets/JoseonMurimTactics/StreamingAssets/MAP/stage_plain-cp-du00501.unity3d"
"stage_plain-cp-du00901.unity3d","873140","0.833","plain","Assets/JoseonMurimTactics/StreamingAssets/MAP/stage_plain-cp-du00901.unity3d"
"stage_plain-cp-ni00102.unity3d","556313","0.531","plain","Assets/JoseonMurimTactics/StreamingAssets/MAP/stage_plain-cp-ni00102.unity3d"
"stage_plain-cp-ni00201.unity3d","1300939","1.241","plain","Assets/JoseonMurimTactics/StreamingAssets/MAP/stage_plain-cp-ni00201.unity3d"
"stage_plain-cp-ni00201_snow.unity3d","1527686","1.457","snow","Assets/JoseonMurimTactics/StreamingAssets/MAP/stage_plain-cp-ni00201_snow.unity3d"
"stage_plain-cp-ni00301.unity3d","2607209","2.486","plain","Assets/JoseonMurimTactics/StreamingAssets/MAP/stage_plain-cp-ni00301.unity3d"
"stage_plain-cp-ni00302.unity3d","2109401","2.012","plain","Assets/JoseonMurimTactics/StreamingAssets/MAP/stage_plain-cp-ni00302.unity3d"
"stage_plain-cp-ni00401.unity3d","567789","0.541","plain","Assets/JoseonMurimTactics/StreamingAssets/MAP/stage_plain-cp-ni00401.unity3d"
"stage_plain-cp-ni00501.unity3d","1014071","0.967","plain","Assets/JoseonMurimTactics/StreamingAssets/MAP/stage_plain-cp-ni00501.unity3d"
"stage_plain-cp-ni00701.unity3d","1825583","1.741","plain","Assets/JoseonMurimTactics/StreamingAssets/MAP/stage_plain-cp-ni00701.unity3d"
"stage_plain-cp-ni00801.unity3d","634143","0.605","plain","Assets/JoseonMurimTactics/StreamingAssets/MAP/stage_plain-cp-ni00801.unity3d"
"stage_plain-os-da00201.unity3d","365052","0.348","plain","Assets/JoseonMurimTactics/StreamingAssets/MAP/stage_plain-os-da00201.unity3d"
"stage_plain-os-da00301.unity3d","904658","0.863","plain","Assets/JoseonMurimTactics/StreamingAssets/MAP/stage_plain-os-da00301.unity3d"
"stage_plain-os-da00501.unity3d","379787","0.362","plain","Assets/JoseonMurimTactics/StreamingAssets/MAP/stage_plain-os-da00501.unity3d"
"stage_plain-os-da00601.unity3d","539311","0.514","plain","Assets/JoseonMurimTactics/StreamingAssets/MAP/stage_plain-os-da00601.unity3d"
"stage_plain-os-da00701.unity3d","358260","0.342","plain","Assets/JoseonMurimTactics/StreamingAssets/MAP/stage_plain-os-da00701.unity3d"
"stage_plain-os-da00801.unity3d","738497","0.704","plain","Assets/JoseonMurimTactics/StreamingAssets/MAP/stage_plain-os-da00801.unity3d"
"stage_plain-os-da00901.unity3d","786326","0.75","plain","Assets/JoseonMurimTactics/StreamingAssets/MAP/stage_plain-os-da00901.unity3d"
"stage_plain-os-da01001.unity3d","735125","0.701","plain","Assets/JoseonMurimTactics/StreamingAssets/MAP/stage_plain-os-da01001.unity3d"
"stage_plain-os-da01101.unity3d","852275","0.813","plain","Assets/JoseonMurimTactics/StreamingAssets/MAP/stage_plain-os-da01101.unity3d"
"stage_plain-os-da01201.unity3d","580487","0.554","plain","Assets/JoseonMurimTactics/StreamingAssets/MAP/stage_plain-os-da01201.unity3d"
"stage_plain-os-da01301.unity3d","421017","0.402","plain","Assets/JoseonMurimTactics/StreamingAssets/MAP/stage_plain-os-da01301.unity3d"
"stage_plain-os-da01401.unity3d","954186","0.91","plain","Assets/JoseonMurimTactics/StreamingAssets/MAP/stage_plain-os-da01401.unity3d"
"stage_plain-os-da01601.unity3d","604937","0.577","plain","Assets/JoseonMurimTactics/StreamingAssets/MAP/stage_plain-os-da01601.unity3d"
"stage_plain-os-da01701.unity3d","929213","0.886","plain","Assets/JoseonMurimTactics/StreamingAssets/MAP/stage_plain-os-da01701.unity3d"
"stage_plain-os-dawn02001.unity3d","583277","0.556","plain","Assets/JoseonMurimTactics/StreamingAssets/MAP/stage_plain-os-dawn02001.unity3d"
"stage_plain-os-du00501.unity3d","374416","0.357","plain","Assets/JoseonMurimTactics/StreamingAssets/MAP/stage_plain-os-du00501.unity3d"
"stage_plain-os-du01801.unity3d","681801","0.65","plain","Assets/JoseonMurimTactics/StreamingAssets/MAP/stage_plain-os-du01801.unity3d"
"stage_plain-os-du01901.unity3d","676259","0.645","plain","Assets/JoseonMurimTactics/StreamingAssets/MAP/stage_plain-os-du01901.unity3d"
"stage_plain-os-ni00201.unity3d","367187","0.35","plain","Assets/JoseonMurimTactics/StreamingAssets/MAP/stage_plain-os-ni00201.unity3d"
"stage_plain-os-ni00401.unity3d","368884","0.352","plain","Assets/JoseonMurimTactics/StreamingAssets/MAP/stage_plain-os-ni00401.unity3d"
"stage_plain-os-ni00501.unity3d","404767","0.386","plain","Assets/JoseonMurimTactics/StreamingAssets/MAP/stage_plain-os-ni00501.unity3d"
"stage_plain-os-ni00701.unity3d","351307","0.335","plain","Assets/JoseonMurimTactics/StreamingAssets/MAP/stage_plain-os-ni00701.unity3d"
"stage_plain-os-ni01501.unity3d","909399","0.867","plain","Assets/JoseonMurimTactics/StreamingAssets/MAP/stage_plain-os-ni01501.unity3d"
"stage_plain-os-ni02001.unity3d","593132","0.566","plain","Assets/JoseonMurimTactics/StreamingAssets/MAP/stage_plain-os-ni02001.unity3d"
"stage_plain-os-niri00401.unity3d","515669","0.492","plain","Assets/JoseonMurimTactics/StreamingAssets/MAP/stage_plain-os-niri00401.unity3d"
"stage_plain-os-niri00501.unity3d","388181","0.37","plain","Assets/JoseonMurimTactics/StreamingAssets/MAP/stage_plain-os-niri00501.unity3d"
"stage_plain-spcl-da00201.unity3d","813605","0.776","plain","Assets/JoseonMurimTactics/StreamingAssets/MAP/stage_plain-spcl-da00201.unity3d"
"stage_plain-spcl-da00301.unity3d","440806","0.42","plain","Assets/JoseonMurimTactics/StreamingAssets/MAP/stage_plain-spcl-da00301.unity3d"
"stage_plain-spcl-du00301.unity3d","430509","0.411","plain","Assets/JoseonMurimTactics/StreamingAssets/MAP/stage_plain-spcl-du00301.unity3d"
"stage_plain-spcl-nith00101.unity3d","490487","0.468","plain","Assets/JoseonMurimTactics/StreamingAssets/MAP/stage_plain-spcl-nith00101.unity3d"
"stage_virtual-sky-da00201.unity3d","1039064","0.991","map","Assets/JoseonMurimTactics/StreamingAssets/MAP/stage_virtual-sky-da00201.unity3d"
"stage_virtual-sky-da00201_cvr01.unity3d","1058057","1.009","map","Assets/JoseonMurimTactics/StreamingAssets/MAP/stage_virtual-sky-da00201_cvr01.unity3d"
"stage_virtual-sky-da00201-spcl00.unity3d","1138009","1.085","map","Assets/JoseonMurimTactics/StreamingAssets/MAP/stage_virtual-sky-da00201-spcl00.unity3d"
"test657.unity3d","524095","0.5","map","Assets/JoseonMurimTactics/StreamingAssets/MAP/test657.unity3d"
"test65sub8.unity3d","633902","0.605","map","Assets/JoseonMurimTactics/StreamingAssets/MAP/test65sub8.unity3d"
"testmap.unity3d","77796","0.074","map","Assets/JoseonMurimTactics/StreamingAssets/MAP/testmap.unity3d"
"weaponmissiondex.unity3d","285446","0.272","map","Assets/JoseonMurimTactics/StreamingAssets/MAP/weaponmissiondex.unity3d"
